source_line,date,anomaly_c,repaired_swap
2,1880-01-01,-0.73,False
3,1880-02-01,-0.752,False
4,1880-02-01,-0.752,False
5,1880-03-01,-0.67,False
6,1880-04-01,-0.593,False
7,1880-05-01,-0.739,False
8,1880-06-01,-0.756,False
9,1880-07-01,-500.0,False
10,1880-08-01,-0.724,False
11,1880-09-01,-0.841,False
12,1880-10-01,-0.766,False
13,1880-11-01,-0.839,False
14,1880-12-01,-0.82,False
15,1881-01-01,-0.74,False
16,1881-03-01,-0.849,False
17,1881-04-01,-0.749,False
18,1881-05-01,-0.791,False
19,1881-06-01,-0.702,False
20,1881-07-01,-0.824,False
21,1881-08-01,-0.888,False
22,1881-09-01,-0.676,False
23,1881-10-01,-0.82,False
24,1881-11-01,-0.786,False
25,1881-12-01,-0.886,False
26,1882-01-01,500.0,False
27,1882-02-01,-0.711,False
28,1882-03-01,-0.793,False
29,1882-04-01,-0.663,False
30,1882-05-01,-0.75,False
31,1882-06-01,-0.74,False
32,1882-07-01,-0.789,False
33,1882-08-01,-0.62,False
34,1882-09-01,-0.783,False
35,1882-10-01,-0.873,False
36,1882-11-01,-0.715,False
37,1882-12-01,-0.859,False
38,1883-01-01,-0.719,False
39,1883-02-01,-0.866,False
40,1883-03-01,-0.8,False
41,1883-04-01,-0.67,False
42,1883-05-01,-0.63,False
43,1883-05-01,-0.63,False
44,1883-06-01,-0.692,False
45,1883-07-01,-0.74,False
46,1883-08-01,-0.928,False
47,1883-09-01,-1.04,False
48,1883-10-01,-0.985,False
49,1883-11-01,-0.96,False
50,1883-12-01,-0.816,False
51,1884-01-01,-0.898,False
52,1884-02-01,-1.04,False
53,1884-03-01,-0.854,False
54,1884-05-01,-0.932,False
55,1884-06-01,-0.85,False
56,1884-08-01,-0.869,False
57,1884-09-01,-1.028,False
58,1884-10-01,-0.992,False
59,1884-11-01,-0.933,False
60,1884-12-01,-0.862,False
61,1885-01-01,-0.753,False
62,1885-03-01,-0.758,False
63,1885-04-01,-0.758,False
64,1885-05-01,-0.603,False
65,1885-07-01,-0.715,False
66,1885-08-01,-0.653,False
67,1885-09-01,-0.722,False
68,1885-10-01,-0.808,False
69,1885-11-01,,False
70,1885-12-01,-0.61,False
71,1886-01-01,-0.71,False
72,1886-02-01,-0.553,False
73,1886-03-01,-0.869,False
74,1886-04-01,-0.586,False
75,1886-05-01,-0.65,False
76,1886-06-01,-0.699,False
77,1886-07-01,-0.691,False
78,1886-08-01,-0.882,False
79,1886-09-01,-0.758,False
80,1886-10-01,-0.718,False
81,1886-11-01,-0.62,False
82,1886-12-01,-0.761,False
83,1887-01-01,-0.758,False
84,1887-02-01,-0.708,False
85,1887-03-01,-0.575,False
86,1887-04-01,-0.615,False
87,1887-06-01,-0.623,False
88,1887-07-01,-0.68,False
89,1887-08-01,-0.635,False
90,1887-09-01,-0.786,False
91,1887-10-01,-0.762,False
92,1887-11-01,-0.759,False
93,1887-12-01,-0.826,False
94,1888-01-01,-0.659,False
95,1888-02-01,-0.636,False
96,1888-03-01,-0.638,False
97,1888-04-01,,False
98,1888-05-01,-0.749,False
99,1888-06-01,-0.69,False
100,1888-07-01,-0.705,False
101,1888-08-01,-0.766,False
102,1888-09-01,500.0,False
103,1888-10-01,-0.693,False
104,1888-11-01,-0.688,False
105,1888-12-01,-0.684,False
106,1889-01-01,-0.652,False
107,1889-02-01,-0.653,False
108,1889-03-01,-0.781,False
109,1889-04-01,-0.622,False
110,1889-05-01,-0.621,False
111,1889-06-01,-0.446,False
112,1889-07-01,-0.683,False
113,1889-08-01,-0.67,False
114,1889-09-01,-0.712,False
115,1889-10-01,-0.808,False
116,1889-11-01,-0.616,False
117,1889-12-01,-0.628,False
118,1890-01-01,,False
119,1890-02-01,-0.709,False
120,1890-03-01,-0.505,False
121,1890-04-01,-0.722,False
122,1890-05-01,-0.568,False
123,1890-06-01,-0.46,False
124,1890-07-01,-0.736,False
125,1890-08-01,-0.726,False
126,1890-09-01,-0.69,False
127,1890-10-01,-0.744,False
128,1890-11-01,-0.821,False
129,1890-12-01,-0.672,False
130,1891-01-01,-0.736,False
131,1891-02-01,-0.588,False
132,1891-03-01,-0.68,False
133,1891-04-01,-0.475,False
134,1891-05-01,-0.67,False
135,1891-06-01,-0.648,False
136,1891-07-01,-0.581,False
137,1891-08-01,500.0,False
138,1891-09-01,-0.67,False
139,1891-10-01,,False
140,1891-11-01,-0.815,False
141,1891-12-01,-0.652,False
142,1892-01-01,-0.62,False
143,1892-02-01,-0.553,False
144,1892-03-01,-0.695,False
145,1892-04-01,-0.694,False
146,1892-05-01,,False
147,1892-06-01,-0.588,False
148,1892-07-01,-0.616,False
149,1892-08-01,-0.632,False
150,1892-09-01,,False
151,1892-10-01,-0.665,False
152,1892-11-01,-0.652,False
153,1892-12-01,-0.714,False
154,1893-01-01,-0.481,False
155,1893-02-01,-0.581,False
156,1893-03-01,-0.681,False
157,1893-04-01,-0.525,False
158,1893-05-01,-0.662,False
159,1893-07-01,-0.533,True
160,1893-08-01,-0.715,False
161,1893-09-01,-0.59,False
162,1893-10-01,-0.64,False
163,1893-11-01,-0.599,False
164,1893-12-01,-0.494,False
165,1894-01-01,-0.64,False
166,1894-02-01,-0.654,False
167,1894-03-01,,False
168,1894-04-01,-0.633,False
169,1894-05-01,-0.579,False
170,1894-06-01,-0.563,False
171,1894-07-01,-0.593,False
172,1895-04-01,-0.518,False
173,1896-04-01,-0.516,False
174,1898-11-01,-0.61,False
175,1897-01-01,500.0,False
176,1896-09-01,-0.61,False
177,1898-01-01,-0.64,False
178,1898-02-01,-0.571,False
179,1898-05-01,-0.346,False
180,1894-12-01,-0.418,False
181,1898-08-01,-0.726,False
182,1895-06-01,-0.523,False
183,1897-04-01,-0.495,False
184,1898-06-01,-0.698,True
185,1895-03-01,-0.65,False
186,1897-08-01,-0.52,False
187,1897-10-01,-0.579,False
188,1896-03-01,-0.54,False
189,1899-03-01,-0.581,False
190,1898-10-01,-0.533,False
191,1894-10-01,-0.546,False
192,1898-12-01,-0.68,False
193,1896-11-01,-0.55,False
194,1896-01-01,-0.582,False
195,1896-08-01,-0.709,False
196,1895-08-01,-0.634,False
197,1898-04-01,-0.519,False
198,1895-09-01,-0.714,False
199,1898-07-01,-0.518,False
200,1897-03-01,-0.502,False
201,1895-01-01,-0.559,False
202,1896-12-01,-0.53,False
203,1897-09-01,-0.548,False
204,1897-11-01,-0.648,False
205,1898-03-01,,False
206,1897-05-01,-0.5,False
207,1895-07-01,-0.566,False
208,1896-06-01,-0.56,False
209,1897-07-01,-0.538,False
210,1894-09-01,-0.655,False
211,1895-02-01,-0.652,False
212,1896-02-01,-0.673,False
213,1896-05-01,-0.623,False
214,1896-10-01,-0.596,False
215,1895-05-01,-0.581,False
216,1895-11-01,-0.68,False
217,1897-02-01,-0.638,False
218,1898-09-01,-0.652,False
219,1894-08-01,-0.573,False
220,1899-02-01,-0.49,False
221,1897-12-01,-0.543,False
222,1899-03-01,-0.581,False
223,1899-04-01,-0.498,False
224,1901-03-01,-0.623,False
225,1899-12-01,-0.515,False
226,1901-10-01,-0.593,True
227,1903-02-01,-0.548,False
228,1901-07-01,-0.506,False
229,1903-03-01,-0.475,False
230,1900-03-01,-0.472,False
231,1899-10-01,-0.595,False
232,1900-07-01,-0.59,False
233,1902-09-01,-0.479,False
234,1899-07-01,-0.391,False
235,1900-11-01,-0.692,False
236,1900-04-01,-0.435,False
237,1901-12-01,-0.644,False
238,1902-04-01,-0.598,False
239,1899-06-01,-0.59,False
240,1901-02-01,-0.438,False
241,1900-01-01,-0.62,False
242,1905-10-01,-0.563,False
243,1903-04-01,-0.504,False
244,1900-12-01,-0.499,False
245,1899-08-01,-0.536,False
246,1905-08-01,,False
247,1903-01-01,-0.51,False
248,1901-11-01,-0.84,False
249,1901-08-01,-0.503,False
250,1902-02-01,-0.61,False
251,1900-03-01,-0.472,False
252,1902-07-01,-0.415,False
253,1899-05-01,-0.52,False
254,1902-01-01,-0.556,False
255,1900-06-01,500.0,False
256,1901-09-01,-0.66,False
257,1899-09-01,-0.766,False
258,1901-06-01,-0.574,False
259,1902-03-01,-0.36,False
260,1903-05-01,-0.47,False
261,1902-05-01,-0.524,False
262,1905-03-01,-0.4,False
263,1901-05-01,500.0,False
264,1900-02-01,-0.54,False
265,1902-12-01,-0.514,False
266,1900-08-01,-0.628,False
267,1900-05-01,-0.606,False
268,1902-10-01,-0.58,False
269,1902-08-01,-0.67,False
270,1907-09-01,-0.514,False
271,1899-11-01,-0.655,False
272,1902-06-01,-0.496,False
273,1900-10-01,500.0,False
274,1901-01-01,-0.38,False
275,1900-09-01,-0.452,False
276,1907-07-01,-0.479,False
277,1903-09-01,-0.391,True
278,1902-11-01,-0.649,False
279,1904-05-01,-0.515,False
280,1906-12-01,-0.342,False
281,1905-01-01,-999.0,False
282,1906-05-01,-0.393,False
283,1906-01-01,-0.428,False
284,1907-06-01,-0.404,False
285,1906-08-01,-0.523,False
286,1907-04-01,-0.368,False
287,1905-05-01,-0.459,False
288,1904-03-01,-0.49,False
289,1903-07-01,-0.393,False
290,1906-04-01,-0.44,False
291,1904-01-01,-0.493,False
292,1903-12-01,-0.494,False
293,1904-09-01,-0.479,False
294,1907-05-01,-0.39,False
295,1904-07-01,-0.481,False
296,1904-08-01,-0.589,False
297,1905-07-01,-0.4,False
298,1906-06-01,-0.489,True
299,1905-12-01,-0.432,False
300,1905-09-01,500.0,False
301,1905-02-01,-0.523,False
302,1903-11-01,-0.572,False
303,1906-03-01,-0.345,False
304,1905-04-01,-0.403,False
305,1903-08-01,-0.643,False
306,1907-01-01,-0.564,False
307,1906-02-01,-0.403,False
308,1904-10-01,-0.533,False
309,1907-07-01,-0.479,True
310,1907-02-01,-0.555,False
311,1905-06-01,-0.466,False
312,1905-11-01,-0.556,False
313,1904-04-01,-0.502,False
314,1906-09-01,-0.523,False
315,1904-06-01,-0.418,False
316,1906-10-01,-0.489,False
317,1904-02-01,-0.539,False
318,1903-06-01,-0.443,False
319,1904-11-01,-0.485,False
320,1907-08-01,-0.574,False
321,1904-12-01,-0.48,False
322,1906-11-01,-0.594,False
323,1907-10-01,-0.58,False
324,1907-11-01,-0.44,False
325,1907-12-01,-0.511,False
326,1908-01-01,-0.539,False
327,1908-02-01,-0.473,False
328,1908-03-01,-0.395,False
329,1908-04-01,-0.465,False
330,1908-05-01,500.0,False
331,1908-06-01,-0.424,False
332,1908-07-01,-0.448,False
333,1908-08-01,-0.532,False
334,1908-09-01,-0.55,True
335,1908-10-01,-0.5,False
336,1908-11-01,-0.623,False
337,1908-12-01,-0.601,False
338,1908-12-01,-0.601,False
339,1909-01-01,-0.52,False
340,1909-02-01,-0.454,False
341,1909-03-01,,False
342,1909-04-01,,False
343,1909-05-01,-0.35,False
344,1909-06-01,-0.446,False
345,1909-07-01,-0.459,False
346,1909-08-01,-0.562,False
347,1909-09-01,500.0,False
348,1909-10-01,-0.528,False
349,1909-11-01,-0.471,False
350,1909-12-01,-0.544,False
351,1910-01-01,-0.41,False
352,1910-02-01,-0.304,False
353,1910-03-01,-500.0,False
354,1910-04-01,-0.37,False
355,1910-05-01,-0.35,False
356,1910-06-01,-0.455,False
357,1910-07-01,-0.429,False
358,1910-08-01,,False
359,1910-09-01,-0.48,False
360,1910-10-01,-0.556,False
361,1910-11-01,-0.485,False
362,1910-12-01,-0.428,False
363,1911-01-01,-0.325,False
364,1911-02-01,-0.339,False
365,1911-03-01,-0.224,False
366,1911-04-01,-0.45,False
367,1911-05-01,-0.325,False
368,1911-06-01,-0.4,False
369,1911-07-01,-0.261,False
370,1911-08-01,-0.525,False
371,1911-09-01,-0.545,False
372,1911-10-01,-0.532,False
373,1911-11-01,-0.646,True
374,1911-12-01,-0.499,False
375,1912-01-01,-0.492,False
376,1912-02-01,-0.393,False
377,1912-03-01,-0.359,False
378,1912-04-01,-0.228,False
379,1912-05-01,-0.308,False
380,1912-06-01,-0.448,False
381,1912-07-01,-0.498,False
382,1912-08-01,-0.411,False
383,1912-09-01,-0.573,False
384,1912-10-01,-0.33,False
385,1912-11-01,-0.371,False
386,1912-12-01,-0.484,False
387,1913-01-01,-0.558,False
388,1913-02-01,-0.286,False
389,1913-03-01,-0.385,False
390,1913-04-01,-0.269,False
391,1913-05-01,-0.501,False
392,1913-06-01,-0.439,False
393,1913-07-01,-0.415,False
394,1913-08-01,-0.436,False
395,1913-09-01,-0.493,False
396,1913-10-01,-500.0,False
397,1913-11-01,-0.54,False
398,1914-01-01,-0.4,False
399,1914-02-01,-0.343,False
400,1914-03-01,-0.308,False
401,1914-04-01,,False
402,1914-05-01,-0.486,False
403,1914-06-01,-0.278,False
404,1914-07-01,-0.378,False
405,1914-08-01,-0.489,False
406,1914-09-01,-0.322,False
407,1914-10-01,-0.443,False
408,1914-11-01,-0.35,False
409,1914-12-01,-0.42,False
410,1915-01-01,-0.235,False
411,1915-02-01,-0.233,False
412,1915-03-01,-0.374,False
413,1915-04-01,-0.269,False
414,1915-05-01,-0.301,False
415,1915-06-01,-0.261,False
416,1915-06-01,-0.261,False
417,1915-07-01,-0.471,False
418,1915-08-01,-0.363,False
419,1915-09-01,-0.351,False
420,1915-10-01,-0.582,False
421,1915-11-01,-0.529,False
422,1915-12-01,-0.578,False
423,1916-01-01,-0.411,False
424,1916-02-01,-0.306,False
425,1916-03-01,-0.224,False
426,1916-04-01,-0.33,False
427,1916-05-01,-0.212,False
428,1916-06-01,-0.47,False
429,1916-07-01,-0.52,False
430,1916-08-01,-0.412,False
431,1916-10-01,-0.434,False
432,1916-11-01,-0.589,True
433,1916-12-01,-0.412,False
434,1917-01-01,-0.483,False
435,1917-02-01,-0.299,False
436,1917-03-01,-0.304,False
437,1917-05-01,-0.373,False
438,1917-06-01,,False
439,1917-07-01,-0.378,False
440,1917-09-01,-0.494,False
441,1917-10-01,999.0,False
442,1917-11-01,-0.455,False
443,1917-12-01,-0.46,False
444,1918-01-01,,False
445,1918-03-01,-0.37,False
446,1918-04-01,-0.411,False
447,1918-05-01,-0.164,False
448,1918-06-01,-0.336,False
449,1918-07-01,-0.419,False
450,1918-08-01,-0.37,False
451,1918-09-01,-0.413,False
452,1918-10-01,-0.428,False
453,1918-11-01,-0.353,False
454,1918-12-01,-0.323,False
455,1919-01-01,-0.4,False
456,1919-02-01,-0.378,False
457,1919-03-01,-0.334,False
458,1919-04-01,,False
459,1919-05-01,-0.432,False
460,1919-06-01,-0.219,False
461,1919-07-01,-0.221,False
462,1919-08-01,-0.396,False
463,1919-10-01,-0.375,False
464,1919-11-01,-0.146,False
465,1919-12-01,-0.283,False
466,1920-01-01,-0.36,False
467,1920-02-01,-0.398,False
468,1920-03-01,-0.43,False
469,1920-04-01,-0.278,False
470,1920-05-01,-0.361,False
471,1920-06-01,-0.431,False
472,1920-07-01,-0.393,False
473,1920-08-01,-0.452,False
474,1920-09-01,-0.248,False
475,1920-10-01,,False
476,1920-11-01,-0.382,False
477,1920-12-01,500.0,False
478,1921-01-01,,False
479,1921-02-01,-0.38,False
480,1921-03-01,-0.17,False
481,1921-04-01,-0.241,False
482,1921-05-01,-0.373,False
483,1921-06-01,-0.322,False
484,1921-07-01,-0.401,False
485,1921-08-01,-999.0,False
486,1921-09-01,-0.299,False
487,1921-11-01,-0.483,False
488,1921-12-01,-0.31,False
489,1922-01-01,-0.378,False
490,1922-02-01,-0.339,False
491,1922-03-01,-0.328,False
492,1922-04-01,-0.342,False
493,1922-05-01,-0.275,False
494,1922-06-01,-0.363,False
495,1922-07-01,-0.299,False
496,1922-08-01,-0.349,False
497,1922-09-01,-0.381,False
498,1922-10-01,-0.441,False
499,1922-11-01,-0.41,False
500,1922-12-01,-0.281,False
501,1923-01-01,-0.275,False
502,1923-02-01,-0.368,False
503,1923-03-01,-0.263,False
504,1923-04-01,-0.203,False
505,1923-05-01,-0.402,False
506,1923-06-01,-0.243,False
507,1923-07-01,-0.363,False
508,1923-08-01,-0.289,False
509,1923-09-01,-0.413,False
510,1923-10-01,,False
511,1923-11-01,-0.48,False
512,1923-12-01,-0.33,False
513,1924-01-01,-0.284,False
514,1924-02-01,-999.0,False
515,1924-03-01,-0.209,False
516,1924-04-01,-0.385,False
517,1927-02-01,-0.28,False
518,1927-01-01,999.0,False
519,1926-05-01,-0.276,False
520,1928-09-01,-0.285,False
521,1925-09-01,-0.301,False
522,1928-04-01,,False
523,1927-03-01,-0.391,False
524,1927-04-01,-0.302,False
525,1925-11-01,-0.322,False
526,1926-08-01,-0.34,False
527,1924-09-01,-0.41,False
528,1924-05-01,-0.263,False
529,1925-12-01,-0.322,False
530,1926-07-01,-0.25,False
531,1924-11-01,-0.259,False
532,1928-07-01,-0.21,False
533,1926-01-01,-0.191,False
534,1926-09-01,-0.3,False
535,1927-09-01,-0.284,False
536,1927-07-01,-0.27,False
537,1925-04-01,-0.13,False
538,1926-10-01,-0.16,False
539,1926-04-01,-0.264,False
540,1928-01-01,-0.244,False
541,1927-08-01,-0.158,False
542,1926-11-01,500.0,False
543,1926-02-01,-0.238,False
544,1928-08-01,-0.1,False
545,1926-03-01,-0.212,False
546,1925-08-01,-0.33,False
547,1925-03-01,-0.21,False
548,1925-10-01,-0.385,False
549,1927-05-01,,False
550,1927-12-01,,False
551,1925-05-01,-0.445,False
552,1926-06-01,-0.289,False
553,1925-01-01,-0.228,False
554,1928-05-01,-0.189,False
555,1928-06-01,-0.27,False
556,1924-12-01,-0.37,False
557,1928-03-01,-0.336,False
558,1925-07-01,-0.243,False
559,1928-02-01,-0.175,False
560,1927-10-01,,False
561,1924-08-01,-0.32,False
562,1924-10-01,-0.378,False
563,1927-11-01,-0.242,False
564,1924-06-01,-0.373,False
565,1924-07-01,-0.352,False
566,1925-06-01,-0.329,False
567,1928-10-01,-0.285,False
568,1928-11-01,-0.334,False
569,1928-12-01,-0.346,False
570,1929-01-01,-0.186,False
571,1929-02-01,-0.295,False
572,1929-03-01,-0.202,False
573,1929-04-01,-0.238,False
574,1929-05-01,-0.17,False
575,1929-06-01,-0.196,False
576,1929-07-01,-0.164,False
577,1929-08-01,-0.312,False
578,1929-09-01,,False
579,1929-10-01,-0.373,False
580,1929-11-01,-0.323,False
581,1929-12-01,-0.238,False
582,1930-02-01,-0.29,False
583,1930-03-01,-0.13,False
584,1930-04-01,500.0,False
585,1930-05-01,-0.162,False
586,1930-06-01,-0.062,False
587,1930-07-01,-0.299,False
588,1930-08-01,-0.36,False
589,1930-09-01,-0.421,False
590,1930-10-01,-500.0,False
591,1930-11-01,-0.224,False
592,1930-12-01,-0.262,False
593,1931-01-01,-0.209,False
594,1931-02-01,-0.296,False
595,1931-03-01,0.009,False
596,1931-04-01,-0.169,False
597,1931-05-01,-0.176,False
598,1931-06-01,-0.144,False
599,1931-07-01,-0.188,False
600,1931-08-01,-0.232,False
601,1931-09-01,,False
602,1931-10-01,-0.236,False
603,1931-11-01,-0.115,False
604,1931-12-01,-0.139,False
605,1932-01-01,-0.094,False
606,1932-02-01,-0.236,False
607,1932-03-01,-0.255,False
608,1932-04-01,-0.178,False
609,1932-05-01,-0.17,False
610,1932-06-01,-0.104,False
611,1932-07-01,-0.351,False
612,1932-08-01,-0.118,False
613,1932-09-01,-0.27,False
614,1932-10-01,-0.3,False
615,1932-11-01,-0.34,False
616,1932-12-01,-0.369,False
617,1933-01-01,-0.145,False
618,1933-02-01,-0.179,False
619,1933-03-01,-0.269,False
620,1933-04-01,-0.261,False
621,1933-04-01,-0.261,False
622,1933-05-01,-0.191,False
623,1933-06-01,-0.048,False
624,1933-07-01,-0.226,False
625,1933-08-01,-0.35,False
626,1933-09-01,-0.266,False
627,1933-10-01,-0.274,False
628,1933-11-01,-0.461,False
629,1933-12-01,-0.23,False
630,1934-01-01,-0.218,False
631,1934-02-01,-0.118,False
632,1934-03-01,-0.01,False
633,1934-04-01,-0.06,False
634,1934-05-01,-0.175,False
635,1934-06-01,-0.259,False
636,1934-07-01,0.011,False
637,1934-08-01,-0.214,False
638,1934-09-01,-0.235,False
639,1934-10-01,-0.244,False
640,1934-11-01,-0.219,False
641,1934-12-01,500.0,False
642,1935-01-01,-0.235,False
643,1935-02-01,-0.21,False
644,1935-03-01,-0.15,False
645,1935-04-01,-0.18,False
646,1935-05-01,-0.2,False
647,1935-06-01,-0.152,False
648,1935-07-01,-0.205,False
649,1935-08-01,-0.088,False
650,1935-09-01,-0.438,False
651,1935-10-01,-0.144,False
652,1935-11-01,-0.124,False
653,1935-12-01,-0.371,False
654,1936-01-01,,False
655,1936-02-01,-0.183,True
656,1936-03-01,,False
657,1936-04-01,-0.189,False
658,1936-05-01,-0.221,False
659,1936-06-01,-0.009,False
660,1937-09-01,-0.291,False
661,1939-04-01,-0.103,False
662,1938-02-01,-0.232,False
663,1936-08-01,-0.096,False
664,1940-02-01,-0.248,False
665,1940-05-01,-0.08,False
666,1940-10-01,-0.241,False
667,1940-04-01,-0.025,False
668,1939-09-01,-0.175,False
669,1939-03-01,-0.086,False
670,1937-11-01,-0.156,False
671,1940-03-01,-0.2,False
672,1939-02-01,0.014,False
673,1940-06-01,-0.122,False
674,1937-01-01,-0.266,False
675,1940-01-01,-0.112,False
676,1939-07-01,-0.145,False
677,1940-07-01,-0.13,False
678,1939-12-01,-0.17,False
679,1938-06-01,-0.045,False
680,1939-05-01,-0.144,False
681,1939-06-01,-0.086,False
682,1936-07-01,-0.099,False
683,1936-12-01,-0.155,False
684,1938-08-01,-0.29,False
685,1937-08-01,-0.095,False
686,1938-03-01,-0.039,False
687,1938-04-01,-0.12,False
688,1938-12-01,-0.033,False
689,1938-10-01,-0.152,False
690,1936-10-01,-0.311,False
691,1937-03-01,-0.143,False
692,1940-08-01,-0.128,False
693,1937-10-01,,True
694,1939-01-01,-0.314,False
695,1939-11-01,-0.211,False
696,1939-08-01,-0.078,False
697,1938-07-01,-0.209,False
698,1937-05-01,-0.065,False
699,1938-11-01,-0.295,False
700,1937-04-01,-0.146,False
701,1937-12-01,-0.209,False
702,1937-02-01,-0.086,False
703,1936-11-01,-0.256,False
704,1938-05-01,-0.153,False
705,1937-07-01,-0.192,False
706,1939-10-01,-0.178,False
707,1936-09-01,-0.158,False
708,1940-09-01,-0.216,False
709,1937-09-01,-0.291,False
710,1940-11-01,-0.156,False
711,1940-12-01,-0.231,False
712,1941-01-01,-0.094,False
713,1941-02-01,-0.24,False
714,1941-03-01,0.001,False
715,1941-05-01,-0.059,False
716,1941-06-01,-0.019,False
717,1941-07-01,0.012,False
718,1941-08-01,-0.064,False
719,1941-09-01,-0.31,False
720,1941-10-01,-0.271,False
721,1941-11-01,-0.211,False
722,1941-12-01,-0.14,False
723,1942-01-01,-0.075,False
724,1942-02-01,-0.148,False
725,1942-03-01,-0.056,False
726,1942-04-01,-0.124,False
727,1942-05-01,-0.118,False
728,1942-06-01,-0.199,False
729,1942-07-01,-0.185,False
730,1942-08-01,-0.243,False
731,1942-09-01,-0.23,False
732,1942-10-01,-0.074,False
733,1942-11-01,-0.23,False
734,1942-12-01,0.079,False
735,1943-01-01,-0.066,True
736,1943-02-01,-0.065,False
737,1943-03-01,-0.129,False
738,1943-04-01,,False
739,1943-05-01,-0.105,False
740,1943-06-01,-0.066,False
741,1943-07-01,500.0,False
742,1943-08-01,-0.132,False
743,1943-09-01,-0.05,False
744,1943-10-01,-0.204,False
745,1943-11-01,-0.143,False
746,1943-12-01,0.021,False
747,1944-01-01,-0.145,False
748,1944-02-01,0.076,False
749,1944-03-01,0.007,False
750,1944-04-01,-0.09,False
751,1944-05-01,,False
752,1944-06-01,0.012,False
753,1944-07-01,-0.04,False
754,1944-09-01,-0.189,False
755,1944-10-01,-0.16,False
756,1944-12-01,-0.061,False
757,1945-01-01,-0.07,False
758,1945-02-01,,False
759,1945-03-01,-0.009,False
760,1945-04-01,0.017,False
761,1945-05-01,0.007,False
762,1945-06-01,0.031,False
763,1945-07-01,-0.013,False
764,1945-08-01,-0.07,False
765,1945-09-01,-0.126,False
766,1945-10-01,-0.26,False
767,1945-11-01,-0.085,False
768,1945-12-01,-0.083,False
769,1946-01-01,,False
770,1946-02-01,-0.15,False
771,1946-03-01,-0.115,False
772,1946-04-01,0.06,False
773,1946-05-01,-0.03,False
774,1946-06-01,0.01,False
775,1946-07-01,-0.066,False
776,1946-08-01,-0.09,False
777,1946-08-01,-0.09,False
778,1946-09-01,-0.035,False
779,1946-10-01,-0.16,False
780,1946-11-01,-0.101,False
781,1946-12-01,-0.126,False
782,1947-01-01,-0.098,False
783,1947-02-01,-0.062,True
784,1947-03-01,-0.001,False
785,1947-04-01,-0.049,False
786,1947-05-01,0.084,False
787,1947-06-01,-0.106,False
788,1947-07-01,-0.073,False
789,1947-08-01,,False
790,1947-09-01,,False
791,1947-10-01,-0.09,False
792,1947-11-01,500.0,False
793,1947-12-01,-0.198,False
794,1948-01-01,-0.032,False
795,1948-02-01,0.044,False
796,1948-03-01,-0.001,False
797,1948-04-01,0.085,False
798,1948-05-01,-0.048,False
799,1948-06-01,0.089,False
800,1948-07-01,0.136,False
801,1948-08-01,-0.101,False
802,1948-09-01,-0.125,False
803,1948-10-01,0.021,False
804,1948-11-01,0.039,False
805,1948-12-01,-0.11,False
806,1949-01-01,-0.076,False
807,1949-02-01,-0.039,False
808,1949-03-01,-0.105,False
809,1949-04-01,-0.063,False
810,1949-05-01,-0.076,False
811,1949-06-01,-0.075,False
812,1949-07-01,-0.04,False
813,1949-08-01,-0.043,False
814,1949-09-01,0.045,False
815,1949-10-01,-0.164,False
816,1949-11-01,0.002,False
817,1949-12-01,-0.075,False
818,1950-01-01,-0.036,False
819,1950-02-01,0.048,False
820,1950-03-01,-0.08,False
821,1950-04-01,0.051,False
822,1952-12-01,0.117,False
823,1954-09-01,-0.04,False
824,1953-04-01,0.147,False
825,1954-02-01,0.125,False
826,1952-10-01,-0.112,False
827,1953-05-01,0.248,False
828,1954-08-01,0.04,False
829,1951-02-01,0.099,False
830,1951-06-01,500.0,False
831,1951-11-01,0.068,False
832,1950-09-01,-0.119,False
833,1951-04-01,,False
834,1953-07-01,-0.034,False
835,1950-11-01,-0.116,False
836,1950-05-01,,False
837,1952-08-01,-0.094,False
838,1951-09-01,-0.042,False
839,1952-11-01,-0.048,False
840,1950-06-01,0.037,False
841,1953-11-01,0.012,False
842,1952-07-01,-0.02,False
843,1955-06-01,0.054,False
844,1953-03-01,0.04,False
845,1952-03-01,0.057,False
846,1955-07-01,-0.083,False
847,1953-08-01,0.064,True
848,1955-03-01,0.068,False
849,1954-06-01,0.13,False
850,1953-10-01,0.105,False
851,1950-07-01,-0.004,False
852,1952-06-01,0.179,False
853,1950-08-01,0.146,False
854,1951-10-01,-0.185,False
855,1950-10-01,-0.12,False
856,1955-04-01,0.175,False
857,1955-02-01,0.015,False
858,1954-04-01,0.1,False
859,1954-03-01,0.121,False
860,1953-12-01,-0.045,False
861,1952-04-01,500.0,False
862,1953-09-01,0.018,False
863,1953-02-01,0.04,False
864,1954-10-01,-0.02,False
865,1951-12-01,0.107,False
866,1951-03-01,0.137,False
867,1953-01-01,-0.042,False
868,1955-05-01,0.08,False
869,1951-01-01,-0.072,False
870,1952-09-01,-0.158,False
871,1951-07-01,-0.06,False
872,1954-01-01,0.057,False
873,1954-07-01,0.126,False
874,1953-06-01,-0.014,False
875,1955-01-01,0.05,False
876,1951-05-01,-0.041,False
877,1952-05-01,0.088,False
878,1954-12-01,-0.071,False
879,1954-11-01,0.072,False
880,1954-05-01,0.142,False
881,1950-12-01,999.0,False
882,1955-08-01,0.061,False
883,1955-09-01,0.036,False
884,1955-10-01,0.151,False
885,1955-11-01,-0.039,False
886,1955-12-01,0.02,False
887,1956-01-01,0.051,False
888,1956-02-01,0.18,False
889,1956-03-01,-999.0,False
890,1956-04-01,0.106,False
891,1956-05-01,0.126,False
892,1956-06-01,0.075,False
893,1956-07-01,0.001,False
894,1956-09-01,0.081,False
895,1956-10-01,-0.093,False
896,1956-11-01,0.007,False
897,1956-12-01,-0.04,False
898,1957-01-01,0.137,False
899,1957-02-01,-0.054,False
900,1957-03-01,0.042,False
901,1957-04-01,0.124,False
902,1957-05-01,0.214,False
903,1957-06-01,0.066,False
904,1957-07-01,0.002,False
905,1957-08-01,0.17,False
906,1957-09-01,-0.111,False
907,1957-10-01,-0.18,False
908,1957-11-01,0.042,False
909,1957-12-01,-0.014,False
910,1958-01-01,-0.03,False
911,1958-02-01,0.135,False
912,1958-03-01,0.117,False
913,1958-04-01,0.059,False
914,1958-06-01,0.151,False
915,1958-07-01,0.109,False
916,1958-08-01,0.025,False
917,1958-09-01,0.16,False
918,1958-10-01,-0.076,False
919,1958-11-01,500.0,False
920,1958-12-01,-0.019,False
921,1959-01-01,0.059,False
922,1959-02-01,0.108,False
923,1959-03-01,0.088,False
924,1959-04-01,0.14,False
925,1959-05-01,0.009,False
926,1959-06-01,0.207,False
927,1959-07-01,0.061,False
928,1959-08-01,0.13,False
929,1959-09-01,0.054,False
930,1959-10-01,0.057,False
931,1959-11-01,0.074,False
932,1959-12-01,0.08,False
933,1960-01-01,0.124,False
934,1960-02-01,0.205,False
935,1960-03-01,0.134,False
936,1960-04-01,0.182,False
937,1960-05-01,0.11,False
938,1960-06-01,0.218,False
939,1960-07-01,0.024,False
940,1960-08-01,,False
941,1960-09-01,0.03,False
942,1960-10-01,-0.084,False
943,1960-11-01,0.049,False
944,1960-12-01,0.0,False
945,1961-01-01,0.151,False
946,1961-02-01,0.057,False
947,1961-03-01,0.09,True
948,1961-04-01,-0.015,False
949,1961-05-01,0.094,False
950,1961-06-01,-0.081,False
951,1961-07-01,-999.0,False
952,1961-08-01,0.125,False
953,1961-09-01,0.11,False
954,1961-10-01,0.075,False
955,1961-11-01,-0.028,False
956,1961-12-01,0.064,False
957,1962-01-01,0.094,False
958,1962-02-01,,False
959,1962-03-01,0.259,False
960,1962-04-01,0.217,False
961,1962-05-01,0.12,False
962,1962-06-01,0.126,False
963,1962-07-01,0.116,False
964,1962-08-01,-0.088,False
965,1962-09-01,0.038,False
966,1962-10-01,-0.003,False
967,1962-11-01,-500.0,False
968,1962-12-01,0.056,False
969,1963-01-01,0.248,True
970,1963-02-01,0.182,False
971,1963-03-01,0.104,True
972,1963-04-01,0.2,False
973,1966-11-01,0.188,False
974,1966-06-01,0.048,False
975,1966-05-01,0.085,False
976,1966-09-01,0.234,False
977,1965-10-01,0.002,False
978,1967-05-01,0.311,False
979,1963-09-01,0.124,False
980,1965-11-01,0.07,False
981,1964-12-01,0.134,False
982,1964-04-01,0.18,False
983,1963-06-01,0.208,False
984,1964-06-01,0.089,False
985,1964-08-01,0.112,False
986,1967-02-01,0.24,False
987,1966-12-01,0.118,False
988,1965-12-01,-0.023,False
989,1963-10-01,0.094,False
990,1964-03-01,0.265,False
991,1967-06-01,0.286,False
992,1966-08-01,0.201,False
993,1965-07-01,0.134,False
994,1965-04-01,0.35,False
995,1968-03-01,0.246,False
996,1964-11-01,0.055,False
997,1966-01-01,0.168,False
998,1965-06-01,0.19,False
999,1963-12-01,0.14,False
1000,1963-05-01,0.26,False
1001,1966-02-01,-500.0,False
1002,1963-11-01,0.142,False
1003,1965-09-01,0.138,False
1004,1963-07-01,0.115,False
1005,1966-07-01,0.159,False
1006,1964-05-01,0.328,False
1007,1965-08-01,0.116,True
1008,1967-08-01,0.159,False
1009,1964-09-01,0.027,False
1010,1965-02-01,0.105,False
1011,1967-09-01,0.15,False
1012,1966-10-01,0.057,False
1013,1968-02-01,0.277,False
1014,1965-01-01,0.167,False
1015,1968-01-01,0.155,False
1016,1969-02-01,0.221,False
1017,1967-03-01,0.244,False
1018,1966-09-01,0.234,False
1019,1969-04-01,0.258,False
1020,1967-04-01,0.07,False
1021,1967-12-01,0.077,False
1022,1964-07-01,0.259,False
1023,1968-10-01,0.025,False
1024,1968-12-01,0.234,False
1025,1967-10-01,0.125,False
1026,1968-07-01,,False
1027,1968-08-01,-0.001,False
1028,1969-01-01,0.13,False
1029,1964-01-01,0.199,False
1030,1968-05-01,0.266,False
1031,1968-06-01,-0.042,True
1032,1969-03-01,0.209,False
1033,1965-03-01,0.169,False
1034,1968-09-01,0.092,False
1035,1964-10-01,0.034,False
1036,1964-02-01,0.098,False
1037,1965-05-01,0.311,False
1038,1968-11-01,0.019,False
1039,1968-04-01,0.18,False
1040,1967-07-01,0.102,False
1041,1966-04-01,0.315,False
1042,1967-01-01,500.0,False
1043,1963-08-01,0.034,False
1044,1967-11-01,0.068,False
1045,1969-05-01,0.22,False
1046,1969-06-01,0.094,False
1047,1969-07-01,0.252,False
1048,1969-08-01,0.109,False
1049,1969-09-01,0.007,False
1050,1969-10-01,0.091,False
1051,1969-11-01,0.25,False
1052,1969-12-01,0.22,False
1053,1969-12-01,0.22,False
1054,1970-01-01,0.15,False
1055,1970-02-01,0.176,False
1056,1970-03-01,0.198,False
1057,1970-04-01,0.398,False
1058,1970-05-01,0.257,False
1059,1970-06-01,0.24,False
1060,1970-07-01,0.268,False
1061,1970-08-01,0.181,False
1062,1970-09-01,0.124,False
1063,1970-10-01,0.12,False
1064,1970-11-01,0.141,False
1065,1970-12-01,0.16,False
1066,1971-01-01,0.251,False
1067,1971-02-01,0.22,False
1068,1971-03-01,0.297,False
1069,1971-04-01,0.24,False
1070,1971-05-01,0.247,False
1071,1971-06-01,500.0,False
1072,1971-08-01,0.204,False
1073,1971-09-01,0.239,False
1074,1971-10-01,-0.078,False
1075,1971-11-01,0.328,False
1076,1971-12-01,0.17,False
1077,1972-01-01,0.296,False
1078,1972-02-01,0.15,False
1079,1972-03-01,0.302,False
1080,1972-04-01,0.176,False
1081,1972-05-01,0.205,False
1082,1972-06-01,0.391,False
1083,1972-07-01,0.199,False
1084,1972-08-01,0.208,False
1085,1972-09-01,0.24,False
1086,1972-10-01,0.208,False
1087,1972-11-01,0.188,False
1088,1972-12-01,0.224,False
1089,1973-02-01,0.24,False
1090,1973-03-01,0.28,False
1091,1973-04-01,0.359,False
1092,1973-05-01,0.358,False
1093,1973-06-01,0.348,False
1094,1973-07-01,0.28,False
1095,1973-08-01,0.114,False
1096,1973-09-01,0.319,False
1097,1973-10-01,0.091,False
1098,1973-11-01,0.214,False
1099,1973-12-01,0.149,False
1100,1974-01-01,0.231,False
1101,1974-01-01,0.231,False
1102,1974-02-01,0.289,False
1103,1974-04-01,0.32,False
1104,1974-05-01,0.41,False
1105,1974-06-01,500.0,False
1106,1974-07-01,0.224,False
1107,1974-08-01,0.297,False
1108,1974-09-01,,False
1109,1974-10-01,0.099,False
1110,1974-11-01,-500.0,False
1111,1974-12-01,0.28,False
1112,1975-01-01,0.227,False
1113,1975-02-01,0.387,False
1114,1975-03-01,0.284,False
1115,1975-04-01,0.314,False
1116,1975-05-01,0.285,False
1117,1975-06-01,0.28,False
1118,1975-07-01,,False
1119,1975-08-01,0.119,False
1120,1975-08-01,0.119,False
1121,1975-09-01,0.344,False
1122,1975-11-01,0.14,False
1123,1975-12-01,0.067,False
1124,1976-01-01,0.214,False
1125,1976-02-01,0.185,False
1126,1976-03-01,0.442,True
1127,1976-04-01,0.399,False
1128,1976-05-01,0.258,False
1129,1976-06-01,0.476,False
1130,1976-07-01,0.351,False
1131,1976-08-01,0.222,False
1132,1976-09-01,0.031,False
1133,1976-10-01,0.409,False
1134,1976-11-01,0.12,False
1135,1976-12-01,0.122,False
1136,1977-01-01,0.361,False
1137,1977-02-01,0.501,False
1138,1977-03-01,0.436,False
1139,1977-04-01,0.378,False
1140,1977-05-01,0.375,False
1141,1977-06-01,0.379,False
1142,1977-07-01,0.347,False
1143,1977-08-01,0.285,False
1144,1977-09-01,0.254,False
1145,1977-10-01,0.235,False
1146,1977-11-01,0.188,False
1147,1977-12-01,0.245,False
1148,1978-01-01,500.0,False
1149,1978-02-01,0.312,False
1150,1978-03-01,0.261,False
1151,1978-04-01,0.259,False
1152,1978-05-01,0.357,False
1153,1978-06-01,0.436,False
1154,1978-07-01,0.375,False
1155,1978-08-01,0.152,False
1156,1978-09-01,,False
1157,1978-10-01,0.33,False
1158,1978-11-01,0.184,False
1159,1978-12-01,0.264,False
1160,1979-01-01,0.35,False
1161,1979-02-01,0.257,False
1162,1979-03-01,0.36,False
1163,1979-04-01,0.255,False
1164,1979-05-01,0.309,False
1165,1979-06-01,-999.0,False
1166,1979-07-01,500.0,False
1167,1979-08-01,0.327,False
1168,1979-09-01,0.27,False
1169,1979-10-01,0.314,False
1170,1979-11-01,0.295,False
1171,1979-12-01,0.406,False
1172,1980-01-01,0.33,False
1173,1980-02-01,0.315,False
1174,1980-03-01,0.379,False
1175,1980-04-01,0.42,False
1176,1980-05-01,0.375,False
1177,1980-06-01,,False
1178,1980-08-01,0.25,False
1179,1980-09-01,0.177,False
1180,1980-11-01,0.192,False
1181,1980-12-01,0.256,False
1182,1981-01-01,0.28,False
1183,1981-02-01,0.435,False
1184,1981-03-01,0.36,False
1185,1981-04-01,0.491,False
1186,1981-05-01,0.332,False
1187,1981-06-01,0.391,False
1188,1981-07-01,0.278,False
1189,1981-08-01,0.49,False
1190,1981-09-01,0.209,False
1191,1981-10-01,0.32,False
1192,1981-11-01,0.357,False
1193,1981-12-01,0.359,False
1194,1982-01-01,0.337,False
1195,1982-02-01,0.368,False
1196,1982-03-01,0.401,False
1197,1982-04-01,0.394,False
1198,1982-05-01,-999.0,False
1199,1982-06-01,0.56,False
1200,1982-07-01,0.315,False
1201,1982-08-01,0.226,False
1202,1982-10-01,500.0,False
1203,1982-11-01,0.256,False
1204,1982-12-01,0.471,False
1205,1983-02-01,0.348,False
1206,1983-03-01,0.458,False
1207,1983-04-01,0.55,False
1208,1983-05-01,0.384,False
1209,1983-06-01,0.381,False
1210,1983-07-01,0.327,False
1211,1983-08-01,,False
1212,1983-09-01,0.281,False
1213,1983-10-01,,False
1214,1983-11-01,0.338,False
1215,1983-12-01,0.29,False
1216,1984-01-01,0.4,False
1217,1984-02-01,0.28,True
1218,1984-03-01,0.45,False
1219,1984-04-01,0.501,False
1220,1984-05-01,0.27,False
1221,1984-06-01,0.442,False
1222,1984-07-01,0.486,False
1223,1987-12-01,,False
1224,1984-10-01,0.375,False
1225,1985-05-01,0.457,False
1226,1987-04-01,0.519,False
1227,1986-08-01,0.369,False
1228,1987-01-01,0.362,False
1229,1987-12-01,,False
1230,1990-08-01,500.0,False
1231,1985-09-01,0.3,False
1232,1989-09-01,0.335,False
1233,1987-11-01,0.4,False
1234,1988-08-01,0.362,False
1235,1986-10-01,0.359,False
1236,1986-01-01,0.32,False
1237,1985-06-01,0.31,False
1238,1985-12-01,0.387,False
1239,1986-12-01,0.475,False
1240,1986-02-01,0.411,False
1241,1989-06-01,0.529,False
1242,1986-11-01,0.435,False
1243,1990-03-01,0.508,False
1244,1984-12-01,0.365,False
1245,1984-11-01,0.29,False
1246,1990-07-01,500.0,False
1247,1984-09-01,0.481,False
1248,1985-04-01,0.375,False
1249,1990-10-01,0.477,False
1250,1986-04-01,0.475,False
1251,1986-03-01,0.55,False
1252,1986-07-01,0.421,False
1253,1990-05-01,0.521,False
1254,1985-10-01,0.455,False
1255,1990-04-01,0.561,False
1256,1986-06-01,0.47,False
1257,1985-02-01,0.428,False
1258,1991-01-01,0.465,False
1259,1985-03-01,0.484,False
1260,1985-08-01,0.307,False
1261,1985-11-01,0.452,False
1262,1989-11-01,0.374,False
1263,1984-08-01,0.268,False
1264,1986-09-01,0.387,False
1265,1986-05-01,0.644,False
1266,1986-03-01,0.55,False
1267,1990-02-01,0.537,False
1268,1985-01-01,0.44,False
1269,1988-03-01,0.506,False
1270,1988-05-01,0.434,False
1271,1991-03-01,0.54,False
1272,1985-07-01,0.394,False
1273,1989-07-01,0.462,False
1274,1989-12-01,0.427,False
1275,1989-04-01,0.57,False
1276,1987-06-01,0.28,False
1277,1990-06-01,0.341,False
1278,1987-07-01,0.46,False
1279,1988-10-01,0.328,False
1280,1987-08-01,0.607,False
1281,1988-06-01,0.549,False
1282,1988-02-01,0.442,False
1283,1989-08-01,,False
1284,1988-01-01,0.51,False
1285,1989-01-01,0.54,False
1286,1988-09-01,0.448,False
1287,1991-02-01,0.628,False
1288,1989-05-01,0.61,False
1289,1988-04-01,0.518,False
1290,1987-03-01,0.32,False
1291,1990-12-01,0.554,True
1292,1987-09-01,0.39,False
1293,1992-06-01,0.31,False
1294,1987-02-01,0.344,False
1295,1991-09-01,0.312,False
1296,1987-05-01,0.384,False
1297,1992-04-01,0.425,False
1298,1991-10-01,0.294,False
1299,1991-07-01,0.309,False
1300,1988-07-01,0.432,False
1301,1994-05-01,0.464,False
1302,1996-06-01,0.508,False
1303,1995-05-01,0.648,False
1304,1993-01-01,0.468,False
1305,1991-05-01,0.482,False
1306,1993-10-01,0.46,False
1307,1989-10-01,0.39,False
1308,1992-01-01,0.37,False
1309,1992-11-01,0.22,False
1310,1991-08-01,0.33,False
1311,1993-03-01,0.439,False
1312,1987-10-01,0.452,False
1313,1991-11-01,0.336,False
1314,1995-11-01,0.546,False
1315,1993-07-01,0.528,False
1316,1992-03-01,0.138,False
1317,1990-09-01,0.338,False
1318,1988-12-01,0.427,False
1319,1992-10-01,0.319,False
1320,1989-03-01,0.497,False
1321,1993-04-01,0.58,False
1322,1991-04-01,0.509,False
1323,1991-06-01,-999.0,False
1324,1993-02-01,0.569,False
1325,1993-11-01,-999.0,False
1326,1992-09-01,0.307,False
1327,1995-10-01,0.441,False
1328,1996-04-01,0.62,False
1329,1988-11-01,0.41,False
1330,1995-02-01,0.528,False
1331,1992-02-01,0.204,False
1332,1990-10-01,0.477,False
1333,1992-08-01,,False
1334,1991-12-01,0.416,False
1335,1996-03-01,0.571,True
1336,1992-07-01,,False
1337,1994-01-01,0.491,False
1338,1993-12-01,0.425,False
1339,1990-01-01,0.47,False
1340,1993-05-01,,False
1341,1994-10-01,,False
1342,1993-09-01,0.574,False
1343,1993-08-01,0.417,False
1344,1995-04-01,0.546,False
1345,1992-12-01,0.078,False
1346,1994-03-01,0.558,False
1347,1995-01-01,0.595,False
1348,1994-11-01,0.446,False
1349,1992-05-01,0.236,False
1350,1995-09-01,0.509,False
1351,1995-12-01,0.475,False
1352,1993-06-01,0.589,False
1353,1994-02-01,0.481,False
1354,1994-04-01,0.717,False
1355,1994-08-01,0.49,False
1356,1995-03-01,0.759,False
1357,1996-02-01,,False
1358,1994-12-01,0.66,False
1359,1996-05-01,0.495,False
1360,1993-03-01,0.439,False
1361,1995-08-01,0.649,False
1362,1994-07-01,0.651,False
1363,1995-07-01,0.652,False
1364,1996-01-01,0.716,False
1365,1994-09-01,0.439,False
1366,1994-06-01,0.428,False
1367,1996-07-01,0.658,False
1368,1996-08-01,0.486,False
1369,1996-09-01,500.0,False
1370,1996-10-01,0.559,False
1371,1996-11-01,0.619,False
1372,1996-12-01,0.601,False
1373,1999-04-01,0.717,False
1374,2001-03-01,0.718,False
1375,2000-08-01,0.64,False
1376,1999-05-01,0.715,False
1377,2000-01-01,0.666,False
1378,1998-02-01,0.832,False
1379,1999-08-01,0.605,False
1380,1997-09-01,0.572,False
1381,1998-11-01,0.917,False
1382,1997-06-01,0.58,False
1383,2001-01-01,,False
1384,1997-04-01,0.74,False
1385,2000-11-01,0.606,False
1386,1998-06-01,0.901,False
1387,1998-05-01,0.875,False
1388,1998-01-01,0.789,False
1389,1997-10-01,0.704,True
1390,1998-03-01,0.952,False
1391,2000-06-01,0.592,False
1392,1998-12-01,0.684,False
1393,1997-01-01,0.649,False
1394,2000-10-01,0.576,False
1395,1998-07-01,0.762,False
1396,1999-12-01,0.646,False
1397,1999-11-01,0.607,False
1398,1997-03-01,0.501,False
1399,1997-02-01,,False
1400,1998-10-01,0.588,False
1401,2000-07-01,0.578,False
1402,1998-04-01,0.878,False
1403,1997-11-01,0.487,False
1404,1999-01-01,0.581,False
1405,2000-09-01,0.678,False
1406,2001-04-01,,False
1407,1999-03-01,500.0,False
1408,1998-08-01,,False
1409,1997-12-01,0.632,False
1410,1999-06-01,0.58,False
1411,1997-07-01,0.68,False
1412,2000-02-01,0.73,False
1413,1998-09-01,0.667,False
1414,1999-07-01,0.592,False
1415,2000-05-01,0.69,False
1416,2000-04-01,0.56,False
1417,1997-08-01,0.597,False
1418,1999-10-01,0.688,False
1419,2000-03-01,0.67,False
1420,2000-12-01,0.737,False
1421,2001-02-01,0.862,False
1422,1997-05-01,0.592,False
1423,2001-05-01,0.736,False
1424,2001-06-01,0.689,False
1425,2001-07-01,0.738,False
1426,2001-08-01,0.665,False
1427,2001-09-01,0.58,False
1428,2001-10-01,0.49,False
1429,2001-11-01,999.0,False
1430,2001-12-01,0.548,False
1431,2002-01-01,0.596,False
1432,2002-02-01,0.715,False
1433,2002-04-01,0.727,False
1434,2002-05-01,0.594,False
1435,2002-06-01,0.709,False
1436,2002-07-01,0.745,False
1437,2002-08-01,0.577,False
1438,2002-09-01,0.598,False
1439,2002-10-01,0.604,False
1440,2002-11-01,0.548,False
1441,2002-12-01,0.682,False
1442,2003-01-01,0.647,False
1443,2003-02-01,0.716,False
1444,2003-03-01,0.631,False
1445,2003-04-01,0.675,False
1446,2003-05-01,0.762,False
1447,2003-06-01,0.658,False
1448,2003-07-01,0.802,False
1449,2003-08-01,0.608,False
1450,2003-09-01,0.641,False
1451,2003-10-01,0.692,True
1452,2003-11-01,0.512,True
1453,2003-12-01,0.504,False
1454,2004-01-01,0.549,False
1455,2004-02-01,0.798,False
1456,2004-03-01,0.67,False
1457,2004-04-01,999.0,False
1458,2004-05-01,0.674,False
1459,2004-06-01,0.717,False
1460,2004-08-01,0.815,False
1461,2004-09-01,0.802,False
1462,2004-10-01,,False
1463,2004-11-01,0.722,False
1464,2004-12-01,0.707,False
1465,2005-01-01,0.748,False
1466,2005-02-01,0.668,False
1467,2005-03-01,0.666,False
1468,2005-04-01,0.739,False
1469,2005-05-01,0.72,False
1470,2005-06-01,0.68,False
1471,2005-07-01,0.748,False
1472,2005-08-01,0.745,False
1473,2005-10-01,0.765,False
1474,2005-11-01,0.56,False
1475,2005-12-01,0.658,False
1476,2006-01-01,0.64,True
1477,2006-02-01,0.577,False
1478,2006-03-01,0.739,False
1479,2006-04-01,0.744,False
1480,2006-06-01,0.782,False
1481,2006-08-01,0.832,False
1482,2006-09-01,0.764,False
1483,2006-10-01,0.707,False
1484,2006-11-01,500.0,False
1485,2006-12-01,0.612,False
1486,2007-01-01,0.685,False
1487,2007-02-01,500.0,False
1488,2007-03-01,0.911,False
1489,2007-04-01,0.892,False
1490,2007-05-01,999.0,False
1491,2007-06-01,0.656,False
1492,2007-07-01,0.73,True
1493,2007-08-01,0.556,False
1494,2007-09-01,0.707,False
1495,2007-10-01,0.664,False
1496,2007-11-01,0.646,False
1497,2007-12-01,0.575,False
1498,2008-01-01,0.77,False
1499,2008-02-01,0.71,False
1500,2008-03-01,0.681,False
1501,2008-04-01,0.55,False
1502,2008-05-01,0.775,False
1503,2008-06-01,0.902,False
1504,2008-07-01,0.869,False
1505,2008-08-01,0.676,False
1506,2008-09-01,0.647,False
1507,2008-10-01,0.727,False
1508,2008-11-01,0.618,False
1509,2008-12-01,0.741,False
1510,2009-01-01,0.805,False
1511,2009-02-01,0.868,False
1512,2009-03-01,0.781,False
1513,2009-04-01,,False
1514,2009-05-01,0.721,False
1515,2009-06-01,0.708,False
1516,2009-08-01,0.756,False
1517,2009-09-01,0.78,False
1518,2009-10-01,0.64,False
1519,2009-11-01,0.832,True
1520,2009-12-01,0.71,False
1521,2010-01-01,0.756,False
1522,2010-02-01,0.724,False
1523,2010-03-01,0.61,False
1524,2010-05-01,0.865,False
1525,2010-06-01,0.767,False
1526,2010-07-01,0.771,False
1527,2010-08-01,0.78,False
1528,2010-09-01,0.599,False
1529,2010-10-01,0.677,False
1530,2010-11-01,0.79,False
1531,2010-12-01,0.646,False
1532,2011-01-01,0.796,False
1533,2011-02-01,0.69,False
1534,2011-03-01,0.856,False
1535,2011-04-01,0.82,False
1536,2011-05-01,0.691,False
1537,2011-06-01,0.897,False
1538,2011-07-01,0.721,False
1539,2011-08-01,0.691,False
1540,2011-09-01,0.755,False
1541,2011-10-01,0.825,False
1542,2011-11-01,0.66,False
1543,2011-12-01,0.766,False
1544,2012-01-01,0.821,False
1545,2012-02-01,999.0,False
1546,2012-03-01,0.847,False
1547,2012-04-01,0.811,False
1548,2012-05-01,0.769,False
1549,2012-06-01,999.0,False
1550,2012-07-01,0.708,False
1551,2012-08-01,0.537,False
1552,2012-09-01,0.788,False
1553,2012-10-01,0.82,False
1554,2012-11-01,0.567,False
1555,2012-12-01,0.695,False
1556,2013-01-01,0.851,False
1557,2013-02-01,0.992,False
1558,2013-03-01,0.849,False
1559,2013-04-01,0.797,False
1560,2013-05-01,0.835,False
1561,2013-06-01,0.94,False
1562,2013-07-01,0.757,False
1563,2013-08-01,0.721,False
1564,2013-09-01,0.729,False
1565,2013-10-01,0.686,False
1566,2013-11-01,0.78,False
1567,2013-12-01,0.92,False
1568,2014-01-01,0.842,False
1569,2014-02-01,0.822,False
1570,2014-03-01,0.838,False
1571,2014-04-01,500.0,False
1572,2014-05-01,0.935,False
1573,2014-06-01,0.841,False
1574,2014-07-01,0.809,False
1575,2014-08-01,1.055,False
1576,2014-09-01,0.806,False
1577,2014-10-01,0.717,False
1578,2014-11-01,0.751,False
1579,2014-12-01,0.896,False
1580,2015-01-01,0.84,False
1581,2015-02-01,0.742,False
1582,2015-02-01,0.742,False
1583,2015-03-01,0.95,False
1584,2015-04-01,0.831,False
1585,2015-05-01,1.028,False
1586,2015-06-01,0.948,False
1587,2015-07-01,0.802,False
1588,2015-08-01,0.916,False
1589,2015-09-01,0.802,False
1590,2015-10-01,0.86,False
1591,2015-11-01,0.838,False
1592,2015-12-01,0.751,False
1593,2016-01-01,0.944,False
1594,2016-02-01,,False
1595,2016-03-01,1.014,False
1596,2016-04-01,1.016,False
1597,2016-05-01,0.967,False
1598,2016-06-01,1.06,False
1599,2016-07-01,1.167,False
1600,2016-08-01,0.89,False
1601,2016-09-01,0.96,True
1602,2016-10-01,-500.0,False
1603,2016-11-01,0.957,False
1604,2016-12-01,,False
1605,2017-01-01,0.775,False
1606,2017-02-01,0.92,False
1607,2017-03-01,0.89,False
1608,2017-04-01,-500.0,False
1609,2017-05-01,1.0,False
1610,2017-06-01,,False
1611,2017-08-01,0.869,False
1612,2017-10-01,0.792,False
1613,2017-11-01,0.855,False
1614,2017-12-01,0.824,False
1615,2018-01-01,0.887,False
1616,2018-01-01,0.887,False
1617,2018-03-01,0.839,False
1618,2018-04-01,1.019,False
1619,2018-05-01,1.028,False
1620,2018-06-01,0.896,False
1621,2018-07-01,0.712,False
1622,2018-08-01,0.809,False
1623,2018-09-01,0.944,False
1624,2018-10-01,0.83,False
1625,2018-11-01,0.76,False
1626,2018-12-01,0.822,False
1627,2019-01-01,0.956,False
1628,2019-02-01,0.958,False
1629,2019-03-01,0.915,False
1630,2019-04-01,0.91,False
1631,2019-05-01,0.905,False
1632,2019-06-01,0.846,False
1633,2019-07-01,1.025,False
1634,2019-08-01,0.846,False
1635,2019-09-01,0.952,False
1636,2019-10-01,0.971,False
1637,2019-11-01,500.0,False
1638,2019-12-01,0.842,False
1639,2020-01-01,0.935,False
1640,2020-02-01,0.927,False
1641,2020-03-01,0.876,False
1642,2020-04-01,0.98,False
1643,2020-05-01,0.857,False
1644,2020-06-01,1.029,False
1645,2020-07-01,0.87,False
1646,2020-08-01,0.9,False
1647,2020-09-01,500.0,False
1648,2020-10-01,0.84,False
1649,2020-11-01,0.919,False
1650,2020-12-01,0.85,False
1651,2021-01-01,0.987,False
1652,2021-02-01,0.836,False
1653,2021-03-01,0.97,False
1654,2021-04-01,1.126,False
1655,2021-05-01,0.886,False
1656,2021-06-01,0.894,False
1657,2021-08-01,0.915,False
1658,2021-09-01,0.912,False
1659,2021-10-01,0.918,False
1660,2021-11-01,0.937,False
1661,2021-12-01,0.995,False
1662,2022-01-01,0.965,False
1663,2022-02-01,0.939,False
1664,2022-03-01,1.032,True
1665,2022-04-01,1.138,True
1666,2022-05-01,0.97,False
1667,2022-06-01,0.885,False
1668,2022-07-01,1.028,False
1669,2022-08-01,0.906,False
1670,2022-09-01,999.0,False
1671,2022-10-01,0.961,False
1672,2022-11-01,0.858,False
1673,2022-12-01,0.91,False
1674,2023-01-01,1.15,False
1675,2023-02-01,500.0,False
1676,2023-03-01,1.229,False
1677,2023-04-01,1.145,False
1678,2023-05-01,1.216,False
1679,2023-06-01,1.137,False
1680,2023-07-01,1.19,False
1681,2023-08-01,1.159,False
1682,2023-09-01,1.018,False
1683,2023-10-01,1.174,False
1684,2023-11-01,1.052,False
1685,2023-12-01,1.179,False
1686,2024-01-01,1.19,False
1687,2024-02-01,1.334,False
1688,2024-03-01,1.189,False
1689,2024-04-01,1.187,False
1690,2024-05-01,1.208,False
1691,2024-06-01,1.168,False
1692,2024-07-01,1.232,False
1693,2024-09-01,1.04,False
1694,2024-10-01,1.036,False
1695,2024-11-01,1.206,False
1696,2024-12-01,-500.0,False
1697,2025-01-01,0.967,False
1698,2025-02-01,0.988,False
1699,2025-03-01,1.027,False
1700,2025-04-01,1.122,False
1701,2025-05-01,0.949,False
1702,2025-06-01,1.026,False
1703,2025-07-01,1.061,False
1704,2025-08-01,0.999,False
1705,2025-09-01,,False
1706,2025-10-01,1.016,False
1707,2025-11-01,0.985,False
1708,2025-12-01,1.004,False
